"Position","Product Name","Price","Rating","Number of Reviews","Product Link","Product Image","Free Delivery"
1,"Pretty Designer Men Tshirts","₹324",4,"17626 Reviews","https://www.meesho.com/riss-mens-cotton-half-sleeves-solid-polo-t-shirt/p/42tuv7","https://images.meesho.com/images/products/246616963/hngne_400.webp","Free Delivery"
2,"Comfy Partywear Men Tshirts","₹331",3.9,"9754 Reviews","https://www.meesho.com/solid-men-mandarin-collar-full-sleeves-t-shirt-mens-full-sleeves-cotton-tshirt-regular-fit-cotton-tshirt-for-men/p/36vnpn","https://images.meesho.com/images/products/192953291/i16bs_400.webp","Free Delivery"
3,"Fancy Designer Men Tshirts","₹123",3.9,"15789 Reviews","https://www.meesho.com/men-fashion-solid-mandarin-collar-polyester-t-shirt-men-full-sleeve-casual-regular-fit-t-shirt-stylish-trendy-solid-men-mandarin-collar-full-sleeves-combo-t-shirt-for-men-mandarin-collar-t-shirt/p/51287b","https://images.meesho.com/images/products/304114439/9izjc_400.webp","Free Delivery"
4,"Men Cotton Blend Regular Tshirts","₹183",4,"1717 Reviews","https://www.meesho.com/mens-henley-tshirt/p/75acxw","https://images.meesho.com/images/products/432144644/pidbm_400.webp","Free Delivery"
5,"Trendy Retro Men Tshirts","₹151",3.8,"20673 Reviews","https://www.meesho.com/man-polycotton-tshirt-black-and-white-pack-of-2-pcs/p/6ea6ml","https://images.meesho.com/images/products/386786829/udtwi_400.webp","Free Delivery"
6,"Urbane Ravishing Men Tshirts","₹379",3.9,"1612 Reviews","https://www.meesho.com/solid-men-mandarin-collar-full-sleeves-t-shirt-mens-full-sleeves-cotton-tshirt-regular-fit-cotton-tshirt-for-men/p/6ejuff","https://images.meesho.com/images/products/387237579/jksay_400.webp","Free Delivery"
7,"Men Cotton Blend Regular Tshirts","₹273",4.2,"3766 Reviews","https://www.meesho.com/first-krush-mens-cotton-blend-navy-casual-wear-regular-fit-printed-tshirt/p/73gu6u","https://images.meesho.com/images/products/429087702/kv6js_400.webp","Free Delivery"
8,"Cotton,Cotton Blend Men Cotton,Cotton Blend Regular Tshirts","₹149",3.9,"1934 Reviews","https://www.meesho.com/good-looking-tshirt-for-men/p/6xz9tr","https://images.meesho.com/images/products/419870079/41oja_400.webp","Free Delivery"
9,"Classy Elegant Men Tshirts","₹329",4.2,"4977 Reviews","https://www.meesho.com/uniberry-mens-half-sleeve-solid-polo-t-shirt-constructed-from-a-soft-cotton-blend-for-unmatched-comfort-and-durability-mens-t-shirt-tshirt-for-men-t-shirts-t-shirts-men-t-shirts-boy-tshart-man-mens-tshirt/p/6fl0w8","https://images.meesho.com/images/products/388972232/venfo_400.webp","Free Delivery"
10,"Urbane Modern Men Tshirts","₹327",4,"5137 Reviews","https://www.meesho.com/renuovo-mens-teal-green-tshirt/p/589gjc","https://images.meesho.com/images/products/316209144/0fxts_400.webp","Free Delivery"
11,"Urbane Graceful Men Tshirts","₹214",3.8,"28442 Reviews","https://www.meesho.com/mens-solid-polo-t-shirt/p/4u3q8h","https://images.meesho.com/images/products/292427153/wbiwx_400.webp","Free Delivery"
12,"Urbane Fabulous Men Tshirts","₹652",3.6,"10060 Reviews","https://www.meesho.com/blissbell-cotton-mens-polo-neck-t-shirt-pack-of-3/p/5sk4n8","https://images.meesho.com/images/products/350299268/du6tp_400.webp","Free Delivery"
13,"Classic Retro Men Tshirts","₹356",4.3,"2384 Reviews","https://www.meesho.com/uniberry-mens-polo-collar-striper-t-shirt/p/6lua8i","https://images.meesho.com/images/products/399481938/icpui_400.webp","Free Delivery"
14,"Men Polycotton Regular Tshirts","₹368",3.9,"Supplier","https://www.meesho.com/men-self-design-polo-neck-cotton-with-black-tiping-line-blue-t-shirt/p/8cmm28","https://images.meesho.com/images/products/504939824/qehjd_400.webp","Free Delivery"
15,"AOOSH Men's Tshirts","₹271",3.9,"6538 Reviews","https://www.meesho.com/aoosh-mens-engineered-stripes-regular-midnight-navy-tshirts/p/6mhwyv","https://images.meesho.com/images/products/400584487/osekr_400.webp","Free Delivery"
16,"Men Polyester Regular Tshirts","₹214",3.7,"927 Reviews","https://www.meesho.com/m-mart-men-striped-round-neck-polyester-t-shirt-pack-of-2/p/70x7bz","https://images.meesho.com/images/products/424812383/su48h_400.webp","Free Delivery"
17,"Stylish Fabulous Men Tshirts","₹220",3.9,"8552 Reviews","https://www.meesho.com/keesor-mens-polo-cotton-blend-tshirt/p/4viv93","https://images.meesho.com/images/products/294813111/ddhxt_400.webp","Free Delivery"
18,"Trendy Ravishing Men Tshirts","₹184",3.8,"10120 Reviews","https://www.meesho.com/men-striped-round-neck-polyester-yellow-t-shirt/p/5ok9tf","https://images.meesho.com/images/products/343587507/rmags_400.webp","Free Delivery"
19,"Trendy Fashionable Men Tshirts","₹263",4,"3711 Reviews","https://www.meesho.com/men-printed-round-neck-cotton-blend-blend-t-shirt/p/5lg9jv","https://images.meesho.com/images/products/338361691/6wvdf_400.webp","Free Delivery"
20,"Classic Glamorous Men Tshirts","₹162",3.9,"749 Reviews","https://www.meesho.com/mens-striped-polyester-tshirt/p/5ghp7c","https://images.meesho.com/images/products/330030552/gb3bj_400.webp","Free Delivery"
21,"Tshirts","₹309",4.2,"16 Reviews","https://www.meesho.com/dvija-fashion-popcorn-for-men-t-shirt/p/87av3e","https://images.meesho.com/images/products/495993578/2q2pm_400.webp","Free Delivery"
22,"Cotton Blend Men Cotton Blend Regular Tshirts","₹165",3.9,"295 Reviews","https://www.meesho.com/mens-fancy-wool-blend-full-sleeve-regular-fit-high-neck-sweater-pullover/p/7hu0bm","https://images.meesho.com/images/products/453216802/h5arg_400.webp","Free Delivery"
23,"Designer Men Plus Size T-Shirts","₹189",4,"419 Reviews","https://www.meesho.com/men-solid-stripe-pure-cotton-polo-neck-t-shirt/p/4pg105","https://images.meesho.com/images/products/284602901/ar2ca_400.webp","Free Delivery"
24,"Men Lycra Regular Tshirts","₹235",3.7,"9 Reviews","https://www.meesho.com/mens-trending-tshirt-for-gym/p/8bzeu4","https://images.meesho.com/images/products/503857372/mo4yl_400.webp","Free Delivery"
25,"Trendy Fabulous Men Tshirts","₹291",4,"6230 Reviews","https://www.meesho.com/drifit-round-neck-tshirts-pack-of-4/p/6ek8bk","https://images.meesho.com/images/products/387255584/q1tg2_400.webp","Free Delivery"
26,"Fancy Fabulous Men Tshirts","₹363",4,"3230 Reviews","https://www.meesho.com/keesor-mens-t-shirt/p/6i58wj","https://images.meesho.com/images/products/393274963/ihbiw_400.webp","Free Delivery"
27,"Men Cotton Blend Regular Tshirts","₹235",3.9,"386 Reviews","https://www.meesho.com/mens-polo-tshirt/p/7lzg43","https://images.meesho.com/images/products/460189011/dbc5t_400.webp","Free Delivery"
28,"Men Cotton Blend Regular Tshirts","₹258",3.7,"3700 Reviews","https://www.meesho.com/fabulous-mens-polo-t-shirts/p/6pkzeu","https://images.meesho.com/images/products/405766470/zm0yj_400.webp","Free Delivery"
29,"Pretty Elegant Men Tshirts","₹139",3.8,"310 Reviews","https://www.meesho.com/mens-casual-polyester-tshirt/p/2wa1hi","https://images.meesho.com/images/products/175148550/kw6tx_400.webp","Free Delivery"
30,"STI Men's Tshirts","₹202",3.9,"9236 Reviews","https://www.meesho.com/sti-mens-typography-regular-black-tshirts/p/69jblq","https://images.meesho.com/images/products/378815102/nnzas_400.webp","Free Delivery"
31,"Fancy Latest Men Tshirts","₹364",3.9,"6163 Reviews","https://www.meesho.com/solid-men-mandarin-collar-full-sleeves-t-shirt-mens-full-sleeves-cotton-tshirt-regular-fit-cotton-tshirt-for-men/p/36vnph","https://images.meesho.com/images/products/192953285/x0me0_400.webp","Free Delivery"
32,"Classy Partywear Men Tshirts","₹109",3.8,"11329 Reviews","https://www.meesho.com/classic-modern-men-polyester-tshirts/p/4il7lo","https://images.meesho.com/images/products/273087420/aogtp_400.webp","Free Delivery"
33,"Trendy Elegant Men Tshirts","₹236",3.7,"13628 Reviews","https://www.meesho.com/sunglow-matty-tshirt/p/1ies4f","https://images.meesho.com/images/products/91388895/ijjhe_400.webp","Free Delivery"
34,"Urbane Designer Men Tshirts","₹175",3.8,"15267 Reviews","https://www.meesho.com/farbot-letest-stylish-polyester-printed-men-full-sleeve-t-shirt/p/62p3r9","https://images.meesho.com/images/products/367327557/6jojl_400.webp","Free Delivery"
35,"Men Cotton Blend Regular Tshirts","₹317",3.9,"293 Reviews","https://www.meesho.com/stylish-mens-printed-polo-t-shirt-trendy-casual-wear-for-all-occasions/p/7oq8bs","https://images.meesho.com/images/products/464797864/08uqz_400.webp","Free Delivery"
36,"ERENAY Men's Tshirts","₹281",3.5,"11 Reviews","https://www.meesho.com/erenay-mens-horizontal-stripes-regular-polo-white-tshirts/p/5uyxxp","https://images.meesho.com/images/products/354349645/xihrn_400.webp","Free Delivery"
37,"Urbane Modern Men Tshirts","₹146",3.9,"153 Reviews","https://www.meesho.com/men-t-shirt-printed-hood-pettan-new-design/p/6g8cny","https://images.meesho.com/images/products/390060574/etj3l_400.webp","Free Delivery"
38,"Classic Glamorous Men Tshirts","₹214",3.8,"78 Reviews","https://www.meesho.com/solid-men-printed-round-neck-t-shirt-full-black-avenger/p/5xkjo7","https://images.meesho.com/images/products/358716823/wrys5_400.webp","Free Delivery"
39,"Gespo Men's Tshirts","₹271",3.8,"32554 Reviews","https://www.meesho.com/gespo-mens-horizontal-stripes-polo-teal-tshirts/p/4mgrub","https://images.meesho.com/images/products/279598835/sre4p_400.webp","Free Delivery"
40,"Urbane Partywear Men Tshirts","₹180",3.8,"347 Reviews","https://www.meesho.com/preety-latest-mens-polyester-tshirt/p/5tmzy0","https://images.meesho.com/images/products/352112760/ds5cs_400.webp","Free Delivery"
41,"Polyester Men Polyester Regular Tshirts","₹134",4.5,"27 Reviews","https://www.meesho.com/sportiva-mens-houndstooth-regular-round-neck-printed-tshirts/p/839rjp","https://images.meesho.com/images/products/489223861/clkkz_400.webp","Free Delivery"
42,"Men Cotton Blend Regular Tshirts","₹347",3.5,"8 Reviews","https://www.meesho.com/renuovo-mens-solid-polo-t-shirt/p/7z2qw6","https://images.meesho.com/images/products/482177958/6htnk_400.webp","Free Delivery"
43,"Urbane Latest Men Tshirts","₹293",3.9,"13185 Reviews","https://www.meesho.com/austin-wood-mens-half-sleeves-polo-neck-striper-t-shirt/p/4lfaoq","https://images.meesho.com/images/products/277850330/qm1nj_400.webp","Free Delivery"
44,"Pretty Retro Men Tshirts","₹345",4.2,"11628 Reviews","https://www.meesho.com/uniberry-mens-cotton-half-sleeves-printed-polo-neck-t-shirt/p/4lz19a","https://images.meesho.com/images/products/278771230/huc6o_400.webp","Free Delivery"
45,"Classic Ravishing Men Tshirts","₹309",4.1,"65 Reviews","https://www.meesho.com/mens-printed-half-sleeve-polo-neck-t-shirt/p/6n096u","https://images.meesho.com/images/products/401440134/biorj_400.webp","Free Delivery"
46,"Pretty Partywear Men Tshirts","₹557",4.1,"164 Reviews","https://www.meesho.com/pixie-fashion-stylish-and-handsome-t-shirt-for-men-combo-pack-of-2/p/273dyg","https://images.meesho.com/images/products/132847720/v97ls_400.webp","Free Delivery"
47,"Trendy Graceful Men Tshirts","₹310",4.3,"18 Reviews","https://www.meesho.com/xplump-mens-tshirts/p/6ncnd3","https://images.meesho.com/images/products/402018375/kfb78_400.webp","Free Delivery"
48,"Pretty Sensational Men Tshirts","₹207",3.8,"770 Reviews","https://www.meesho.com/army-commando-flag-men-printed-round-neck-pure-cotton-blend-dark-green-t-shirt/p/4zq5gd","https://images.meesho.com/images/products/301871389/9kbvy_400.webp","Free Delivery"
49,"Stylish Modern Men Tshirts","₹163",3.7,"5049 Reviews","https://www.meesho.com/urbane-partywear-men-polyester-tshirts/p/uhwqx","https://images.meesho.com/images/products/51224073/um4fq_400.webp","Free Delivery"
50,"Men Cotton Blend Regular Tshirts","₹337",3.8,"2218 Reviews","https://www.meesho.com/men-polo-neck-tshirt/p/6wql1o","https://images.meesho.com/images/products/417785100/liq9a_400.webp","Free Delivery"
51,"Classy Sensational Men Tshirts","₹184",3.9,"422 Reviews","https://www.meesho.com/selvike-fashionable-and-trendy-half-sleeves-stripe-mens-polyester-tshirt/p/528p4y","https://images.meesho.com/images/products/306095938/gvcmg_400.webp","Free Delivery"
52,"Men Polyester Regular Tshirts","₹55",3.8,"85 Reviews","https://www.meesho.com/mahadevmahakalshiv-ji-printed-t-shirt-for-mens/p/70phym","https://images.meesho.com/images/products/424452910/daudb_400.webp","Delivery ₹64
₹70"
53,"Classy Retro Men Tshirts","₹199",3.9,"1993 Reviews","https://www.meesho.com/united-colors-of-benetton-men-solid-round-neck-cotton-blend-dark-green-t-shirtman-soft-cotton-printed-t-shirt-for-men/p/5r8bdd","https://images.meesho.com/images/products/348068497/whxpq_400.webp","Free Delivery"
54,"Fancy Fashionista Men Tshirts","₹249",4,"22 Reviews","https://www.meesho.com/attractive-mens-t-shirt/p/56ucaq","https://images.meesho.com/images/products/313824194/x6e89_400.webp","Free Delivery"
55,"Stylish Retro Men Tshirts","₹245",3.8,"774 Reviews","https://www.meesho.com/justfab-mens-round-neck-cotton-blend-printed-regular-fit-t-shirt-mens-tshirt-tshirt-for-men-t-shirt-cotton-full-sleeve-printed-t-shirt/p/4kal15","https://images.meesho.com/images/products/275950841/qspnd_400.webp","Free Delivery"
56,"Trendy Fashionable Men Tshirts","₹357",3.9,"1506 Reviews","https://www.meesho.com/keesor-solid-men-mandarin-collar-full-sleeves-t-shirt-mens-full-sleeves-cotton-tshirt-regular-fit-cotton-tshirt-for-men/p/4jxbc9","https://images.meesho.com/images/products/275331753/pdw0l_400.webp","Free Delivery"
57,"Classy Sensational Men Tshirts","₹217",4,"5706 Reviews","https://www.meesho.com/mens-round-neck-cotton-blend-tshirt/p/4vjq8h","https://images.meesho.com/images/products/294853265/eszhd_400.webp","Free Delivery"
58,"Classic Latest Men Tshirts","₹152",3.8,"3511 Reviews","https://www.meesho.com/classic-fashionable-men-polyester-tshirts/p/5nvrv0","https://images.meesho.com/images/products/342444492/qtyoi_400.webp","Free Delivery"
59,"Men Cotton Blend Regular Tshirts","₹303",4,"Supplier","https://www.meesho.com/tizara-premium-stylish-polo-t-shirt-with-zipper-for-men/p/8e3wsn","https://images.meesho.com/images/products/507426503/mv17e_400.webp","Free Delivery"
60,"Comfy Fashionable Men Tshirts","₹155",3.8,"7053 Reviews","https://www.meesho.com/men-solid-mandarin-collar-polyester-t-shirt-slim-fit-short-sleeve-button-down-breathable-t-shirt/p/1t5p3q","https://images.meesho.com/images/products/109440854/fvfi9_400.webp","Free Delivery"
61,"Classic Glamorous Men Tshirts","₹350",4,"99 Reviews","https://www.meesho.com/the-million-club-mens-plus-size-half-sleeve-printed-polo-t-shirt-constructed-from-a-soft-cotton-blend-for-unmatched-comfort-and-durability-mens-t-shirt-tshirt-for-men-t-shirts-t-shirts-men-t-shirts-boy-tshart-man-mens-tshirt/p/6fao7d","https://images.meesho.com/images/products/388489225/byzkf_400.webp","Free Delivery"
62,"Classy Designer Men Tshirts","₹153",4.1,"27255 Reviews","https://www.meesho.com/reguler-fit-cotton-blend-tshirts-for-casual-party-wear-tshirts/p/360xks","https://images.meesho.com/images/products/191519740/qesmw_400.webp","Free Delivery"
63,"Comfy Designer Men Tshirts","₹283",3.9,"6237 Reviews","https://www.meesho.com/fabshore-drifit-polyester-round-neck-tshirts-pack-of-4/p/5hrwkl","https://images.meesho.com/images/products/332186277/dczqm_400.webp","Free Delivery"
64,"Urbane Modern Men Tshirts","₹359",4,"1623 Reviews","https://www.meesho.com/keesor-solid-men-mandarin-collar-full-sleeves-t-shirt-mens-full-sleeves-cotton-tshirt-regular-fit-cotton-tshirt-for-men/p/4jxbsd","https://images.meesho.com/images/products/275332333/ogk5i_400.webp","Free Delivery"
65,"Trendy Modern Men Tshirts","₹115",3.8,"44287 Reviews","https://www.meesho.com/men-striped-round-neck-polyester-yellow-t-shirt/p/6gh7r4","https://images.meesho.com/images/products/390474112/noxvp_400.webp","Free Delivery"
66,"Stylish Partywear Men Tshirts","₹145",3.9,"1734 Reviews","https://www.meesho.com/gym-vest/p/6ntl6c","https://images.meesho.com/images/products/402808692/fyenf_400.webp","Free Delivery"
67,"Men Polycotton Regular Tshirts","₹314",3.6,"36 Reviews","https://www.meesho.com/men-solid-polo-neck-polyester-dark-blue-t-shirt/p/7vlpxb","https://images.meesho.com/images/products/476344703/afhxx_400.webp","Free Delivery"
68,"Trendy Graceful Men Tshirts","₹225",4,"4025 Reviews","https://www.meesho.com/mens-solid-matty-plain-cotton-blend-tshirt/p/1h4efw","https://images.meesho.com/images/products/89224988/vk3rb_400.webp","Free Delivery"
69,"KASPY Men's Tshirts","₹190",3.8,"9146 Reviews","https://www.meesho.com/printed-polyester-tshirt/p/3xvare","https://images.meesho.com/images/products/238286138/jgtti_400.webp","Free Delivery"
70,"Men Cotton Blend Regular Tshirts","₹180",4,"1573 Reviews","https://www.meesho.com/first-krush-mens-cotton-blend-navy-blue-casual-wear-regular-fit-printed-tshirt/p/705s22","https://images.meesho.com/images/products/423532874/ltfd5_400.webp","Free Delivery"
71,"Fancy Sensational Men Tshirts","₹365",3.9,"488 Reviews","https://www.meesho.com/pixie-fashion-stylish-and-handsome-t-shirt-for-men-black/p/175ukm","https://images.meesho.com/images/products/72496390/ppmij_400.webp","Free Delivery"
72,"Pretty Modern Men Tshirts","₹560",4,"5109 Reviews","https://www.meesho.com/men-printed-tshirt/p/5n6cfx","https://images.meesho.com/images/products/341258109/7luym_400.webp","Free Delivery"
73,"Fancy Elegant Men Tshirts","₹214",4,"97 Reviews","https://www.meesho.com/solid-men-printed-round-neck-cotton-blend-tshirt-full-purple-3-line/p/5xqhc2","https://images.meesho.com/images/products/358993730/arird_400.webp","Free Delivery"
74,"Comfy Elegant Men Tshirts","₹273",4,"9776 Reviews","https://www.meesho.com/printed-polo-t-shirt-in-unique-print/p/6l7x8i","https://images.meesho.com/images/products/398438658/4ahkn_400.webp","Free Delivery"
75,"Classy Glamorous Men Tshirts","₹335",4.2,"125 Reviews","https://www.meesho.com/mens-premium-100-super-combed-cotton-rich-printed-black-white-wine-round-neck-half-sleeve-t-shirt/p/6nt44j","https://images.meesho.com/images/products/402786595/fvzle_400.webp","Free Delivery"
76,"Comfy Sensational Men Tshirts","₹350",3.9,"311 Reviews","https://www.meesho.com/the-million-club-mens-plus-size-half-sleeve-printed-polo-t-shirt-constructed-from-a-soft-cotton-blend-for-unmatched-comfort-and-durability-mens-t-shirt-tshirt-for-men-t-shirts-t-shirts-men-t-shirts-boy-tshart-man-mens-tshirt/p/6fao5s","https://images.meesho.com/images/products/388489168/r2kfg_400.webp","Free Delivery"
77,"Urbane Elegant Men Tshirts","₹236",4.2,"1297 Reviews","https://www.meesho.com/rytonz-solid-polo-neck-cotton-blend-tshirt-plus-size-also-available/p/52e5r3","https://images.meesho.com/images/products/306350751/tckoj_400.webp","Free Delivery"
78,"Comfy Sensational Men Tshirts","₹184",3.9,"577 Reviews","https://www.meesho.com/latest-men-printed-typography-round-neck-waffle-black-mens-tshirt-for-men/p/6npw6o","https://images.meesho.com/images/products/402636336/zzwhs_400.webp","Free Delivery"
79,"Men Cotton Blend Regular Tshirts","₹180",4.1,"414 Reviews","https://www.meesho.com/first-krush-mens-cotton-blend-maroon-casual-wear-regular-fit-printed-tshirt/p/705s28","https://images.meesho.com/images/products/423532880/cfqwm_400.webp","Free Delivery"
80,"Pretty Graceful Men Tshirts","₹263",4.1,"1225 Reviews","https://www.meesho.com/latest-trending-mens-t-shirt/p/6niga8","https://images.meesho.com/images/products/402289136/j1ydr_400.webp","Free Delivery"
81,"Fancy Designer Men Tshirts","₹280",3.7,"2569 Reviews","https://www.meesho.com/stelinotrending-multicoloured-half-t-shirt-combo-for-men/p/5gai9j","https://images.meesho.com/images/products/329694967/6mmtv_400.webp","Free Delivery"
82,"Men Polycotton Regular Tshirts","₹365",3.9,"Supplier","https://www.meesho.com/men-self-design-polo-neck-poly-cotton-with-white-tiping-line-navyblue-t-shirt/p/8cmz09","https://images.meesho.com/images/products/504956601/lssal_400.webp","Free Delivery"
83,"Fancy Retro Men Tshirts","₹200",3.8,"7467 Reviews","https://www.meesho.com/trending-stylish-combo-men-printed-polyester-tshirt-for-men/p/58o0wl","https://images.meesho.com/images/products/316888725/bpoka_400.webp","Free Delivery"
84,"F Gallery Men's Tshirts","₹240",3.8,"1909 Reviews","https://www.meesho.com/f-gallery-mens-solid-regular-round-yellow-tshirts/p/4sq1t0","https://images.meesho.com/images/products/290109348/0oe53_400.webp","Free Delivery"
85,"Classy Fashionista Men Tshirts","₹210",3.9,"2072 Reviews","https://www.meesho.com/men-checkered-solid-polo-neck-blue-grey-polyester-tshirt/p/5bsw4d","https://images.meesho.com/images/products/322154653/zsgwx_400.webp","Free Delivery"
86,"Men Cotton Blend Regular Tshirts","₹358",4,"10 Reviews","https://www.meesho.com/renuovo-mens-solid-polo-t-shirt/p/7z2quu","https://images.meesho.com/images/products/482177910/nlpsm_400.webp","Free Delivery"
87,"LEOTUDE Men's Tshirts","₹321",4,"1428 Reviews","https://www.meesho.com/leotude-mens-tshirts/p/3aj81i","https://images.meesho.com/images/products/199091574/fenxh_400.webp","Free Delivery"
88,"Men Cotton Blend Regular Tshirts","₹314",4,"49 Reviews","https://www.meesho.com/men-solid-polo-neck-polycotton-white-t-shirt/p/7w5pu3","https://images.meesho.com/images/products/477277707/8vhpe_400.webp","Free Delivery"
89,"Classic Fabulous Men Tshirts","₹157",3.9,"452 Reviews","https://www.meesho.com/mens-tf-jd08v/p/5rspw1","https://images.meesho.com/images/products/349020433/dfc2o_400.webp","Free Delivery"
90,"Urbane Glamorous Men Tshirts","₹206",3.9,"1148 Reviews","https://www.meesho.com/red-one-piece-ower-size-t-shart/p/6cqph9","https://images.meesho.com/images/products/384198525/tqu15_400.webp","Free Delivery"
91,"Men Cotton Blend Slim Tshirts","₹288",3.9,"Supplier","https://www.meesho.com/renuovo-mens-striped-slim-fit-polo-t-shirt/p/869gd7","https://images.meesho.com/images/products/494248219/tts5a_400.webp","Free Delivery"
92,"Stylish Sensational Men Tshirts","₹200",3.6,"50 Reviews","https://www.meesho.com/hip-hop-fashion/p/3o5bx4","https://images.meesho.com/images/products/221958040/0sgka_400.webp","Free Delivery"
93,"Classic Graceful Men Tshirts","₹350",3.9,"397 Reviews","https://www.meesho.com/the-million-club-mens-plus-size-half-sleeve-printed-polo-t-shirt-constructed-from-a-soft-cotton-blend-for-unmatched-comfort-and-durability-mens-t-shirt-tshirt-for-men-t-shirts-t-shirts-men-t-shirts-boy-tshart-man-mens-tshirt/p/6fao7h","https://images.meesho.com/images/products/388489229/wvka5_400.webp","Free Delivery"
94,"Trendy Partywear Men Tshirts","₹155",3.9,"122 Reviews","https://www.meesho.com/regular-fit-polyester-tshirt-for-men-tshirt-for-men-men-tshirt-tshirt-t-shirt-for-men-men-t-shirt-premium-quality-tshirts-tshirt-boys-tshirt-tshirt-for-men-men-tshirt-combo-tshirt-for-men-combo-combo-tshirt-for-men-collar-tshirt-for-men-collar-tshirt/p/5pszfx","https://images.meesho.com/images/products/345673581/vglkv_400.webp","Free Delivery"
95,"Urbane Fashionable Men Tshirts","₹143",3.8,"10 Reviews","https://www.meesho.com/pack-of-1-polyester-tshirt-men/p/6gi2m4","https://images.meesho.com/images/products/390514108/jvfxw_400.webp","Free Delivery"
96,"Stylish Glamorous Men Tshirts","₹392",4,"507 Reviews","https://www.meesho.com/keesor-mens-t-shirt/p/68ccqd","https://images.meesho.com/images/products/376810357/sfvvv_400.webp","Free Delivery"
97,"Comfy Partywear Men Tshirts","₹331",3.9,"9754 Reviews","https://www.meesho.com/solid-men-mandarin-collar-full-sleeves-t-shirt-mens-full-sleeves-cotton-tshirt-regular-fit-cotton-tshirt-for-men/p/36vnpn","https://images.meesho.com/images/products/192953291/i16bs_400.webp","Free Delivery"
98,"Trendy Partywear Men Tshirts","₹180",4,"1003 Reviews","https://www.meesho.com/mens-cotton-blend-tshirt/p/6ikosf","https://images.meesho.com/images/products/393995391/0kjfq_400.webp","Free Delivery"
99,"Polycotton,Cotton Silk,Cotton Blend Men Polycotton,Cotton Silk,Cotton Blend Regular Tshirts","₹199",4,"Supplier","https://www.meesho.com/selvike-classic-100-cotton-t-shirt-for-men-everyday-comfort/p/8dvgfq","https://images.meesho.com/images/products/507032054/xc6av_400.webp","Delivery ₹65
₹70"
100,"Classy Ravishing Men Tshirts","₹174",3.8,"4922 Reviews","https://www.meesho.com/men-striped-round-neck-cotton-blend-black-t-shirt/p/5gumbl","https://images.meesho.com/images/products/330633345/xd5ic_400.webp","Free Delivery"
